{
    "0": {
        "Sensor Name": "WackWack_Mandaluyong",
        "X": 121.05573,
        "Y": 14.591224,
        "US AQI": 76.0
    },
    "1": {
        "Sensor Name": "Baltazar_Caloocan",
        "X": 120.97788065672,
        "Y": 14.64799638229,
        "US AQI": 51.0
    },
    "2": {
        "Sensor Name": "SerendraBamboo_Taguig",
        "X": 121.05481,
        "Y": 14.55091,
        "US AQI": 15.0
    },
    "3": {
        "Sensor Name": "Calzada_Taguig",
        "X": 121.07563,
        "Y": 14.536089,
        "US AQI": 48.0
    },
    "4": {
        "Sensor Name": "Multinational_Paranaque",
        "X": 121.00152,
        "Y": 14.487228,
        "US AQI": 81.0
    },
    "5": {
        "Sensor Name": "NorthForbesPark_Makati",
        "X": 121.035596,
        "Y": 14.553975,
        "US AQI": 132.0
    },
    "6": {
        "Sensor Name": "Dasmarinas_Makati",
        "X": 121.030732,
        "Y": 14.56628,
        "US AQI": 41.0
    },
    "7": {
        "Sensor Name": "AyalaCircuit_Makati",
        "X": 121.01974,
        "Y": 14.573594,
        "US AQI": 45.0
    },
    "8": {
        "Sensor Name": "Unioil_Shaw",
        "X": 121.037489,
        "Y": 14.589523,
        "US AQI": 55.0
    },
    "9": {
        "Sensor Name": "Unioil_Blumentritt",
        "X": 121.026652,
        "Y": 14.6021,
        "US AQI": 0.0
    },
    "10": {
        "Sensor Name": "Unioil_Cainta",
        "X": 121.125296,
        "Y": 14.582285,
        "US AQI": 49.0
    },
    "11": {
        "Sensor Name": "Unioil_Congressional",
        "X": 121.064763,
        "Y": 14.672367,
        "US AQI": 21.0
    },
    "12": {
        "Sensor Name": "Unioil_WestAve",
        "X": 121.027586,
        "Y": 14.644702,
        "US AQI": 29.0
    },
    "13": {
        "Sensor Name": "Unioil_EdsaGuadalupe",
        "X": 121.025319,
        "Y": 14.476359,
        "US AQI": 71.0
    },
    "power and rmse": {
        "4": 32.05298934604082,
        "5": 32.13208101336046,
        "3": 32.152648127335695,
        "6": 32.259698117647034,
        "7": 32.37770086606202,
        "8": 32.47092640317412,
        "9": 32.53968575616578,
        "2": 32.55252228087457,
        "10": 32.588349169656446,
        "1": 33.208425251169665
    },
    "date_time": "11-06-2023_15-34-17"
}