{
    "0": {
        "Sensor Name": "WackWack_Mandaluyong",
        "X": 121.05573,
        "Y": 14.591224,
        "US AQI": 80.0
    },
    "1": {
        "Sensor Name": "Baltazar_Caloocan",
        "X": 120.97788065672,
        "Y": 14.64799638229,
        "US AQI": 60.0
    },
    "2": {
        "Sensor Name": "SerendraBamboo_Taguig",
        "X": 121.05481,
        "Y": 14.55091,
        "US AQI": 44.0
    },
    "3": {
        "Sensor Name": "Calzada_Taguig",
        "X": 121.07563,
        "Y": 14.536089,
        "US AQI": 64.0
    },
    "4": {
        "Sensor Name": "Multinational_Paranaque",
        "X": 121.00152,
        "Y": 14.487228,
        "US AQI": 56.0
    },
    "5": {
        "Sensor Name": "NorthForbesPark_Makati",
        "X": 121.035596,
        "Y": 14.553975,
        "US AQI": 132.0
    },
    "6": {
        "Sensor Name": "Dasmarinas_Makati",
        "X": 121.030732,
        "Y": 14.56628,
        "US AQI": 41.0
    },
    "7": {
        "Sensor Name": "AyalaCircuit_Makati",
        "X": 121.01974,
        "Y": 14.573594,
        "US AQI": 45.0
    },
    "8": {
        "Sensor Name": "Unioil_Shaw",
        "X": 121.037489,
        "Y": 14.589523,
        "US AQI": 55.0
    },
    "9": {
        "Sensor Name": "Unioil_Blumentritt",
        "X": 121.026652,
        "Y": 14.6021,
        "US AQI": 41.0
    },
    "10": {
        "Sensor Name": "Unioil_Cainta",
        "X": 121.125296,
        "Y": 14.582285,
        "US AQI": 57.0
    },
    "11": {
        "Sensor Name": "Unioil_Congressional",
        "X": 121.064763,
        "Y": 14.672367,
        "US AQI": 37.0
    },
    "12": {
        "Sensor Name": "Unioil_WestAve",
        "X": 121.027586,
        "Y": 14.644702,
        "US AQI": 45.0
    },
    "13": {
        "Sensor Name": "Unioil_EdsaGuadalupe",
        "X": 121.025319,
        "Y": 14.476359,
        "US AQI": 45.0
    },
    "power and rmse": {
        "4": 23.92673471985816,
        "3": 23.973960201521493,
        "5": 23.99514619521065,
        "6": 24.07215373007617,
        "7": 24.1276789013561,
        "8": 24.161880336250686,
        "9": 24.181567793767524,
        "10": 24.192800342534127,
        "2": 24.317106426844866,
        "1": 24.93785777379392
    },
    "date_time": "09-06-2023_08-38-37"
}