{
    "0": {
        "Sensor Name": "WackWack_Mandaluyong",
        "X": 121.05573,
        "Y": 14.591224,
        "US AQI": 72.0
    },
    "1": {
        "Sensor Name": "Baltazar_Caloocan",
        "X": 120.97788065672,
        "Y": 14.64799638229,
        "US AQI": 38.0
    },
    "2": {
        "Sensor Name": "SerendraBamboo_Taguig",
        "X": 121.05481,
        "Y": 14.55091,
        "US AQI": 68.0
    },
    "3": {
        "Sensor Name": "Calzada_Taguig",
        "X": 121.07563,
        "Y": 14.536089,
        "US AQI": 81.0
    },
    "4": {
        "Sensor Name": "Multinational_Paranaque",
        "X": 121.00152,
        "Y": 14.487228,
        "US AQI": 43.0
    },
    "5": {
        "Sensor Name": "NorthForbesPark_Makati",
        "X": 121.035596,
        "Y": 14.553975,
        "US AQI": 132.0
    },
    "6": {
        "Sensor Name": "Dasmarinas_Makati",
        "X": 121.030732,
        "Y": 14.56628,
        "US AQI": 41.0
    },
    "7": {
        "Sensor Name": "AyalaCircuit_Makati",
        "X": 121.01974,
        "Y": 14.573594,
        "US AQI": 45.0
    },
    "8": {
        "Sensor Name": "Unioil_Shaw",
        "X": 121.037489,
        "Y": 14.589523,
        "US AQI": 71.0
    },
    "9": {
        "Sensor Name": "Unioil_Blumentritt",
        "X": 121.026652,
        "Y": 14.6021,
        "US AQI": 25.0
    },
    "10": {
        "Sensor Name": "Unioil_Cainta",
        "X": 121.125296,
        "Y": 14.582285,
        "US AQI": 41.0
    },
    "11": {
        "Sensor Name": "Unioil_Congressional",
        "X": 121.064763,
        "Y": 14.672367,
        "US AQI": 16.0
    },
    "12": {
        "Sensor Name": "Unioil_WestAve",
        "X": 121.027586,
        "Y": 14.644702,
        "US AQI": 25.0
    },
    "13": {
        "Sensor Name": "Unioil_EdsaGuadalupe",
        "X": 121.025319,
        "Y": 14.476359,
        "US AQI": 57.0
    },
    "power and rmse": {
        "2": 28.673976235401245,
        "1": 29.25208910278557,
        "3": 29.81722016140279,
        "4": 31.11310343833145,
        "5": 31.9428987437963,
        "6": 32.37986124811089,
        "7": 32.58699214047223,
        "8": 32.6762370384851,
        "9": 32.71009422721778,
        "10": 32.72041864941536
    },
    "date_time": "08-06-2023_23-48-13"
}